"title","clientSpent","estimatedBudget","paymentVerified","techStack","matchesInDescription","keyword","link","jobDescription","date","proposal"
"Cloud Infrastructure Engineer","$1M+
spent","Hourly: $15.00 - $30.00 Expert Est. time: More than 6 months, 30+ hrs/week","Yes","Cloud Engineering, Cloud Implementation, Cloud Migration","Yes","gcp","https://www.upwork.com/jobs/Cloud-Infrastructure-Engineer_~021920514094388762999/?referrer_url_path=/nx/search/jobs/","Requirements : 5+ years of experience in an enterprise operational IT environment Strong understanding of cloud computing principles and best practices, including architecture, security, networking, storage, and performance optimization. Strong experience with AWS, Azure, GCP, IAM, SAML 2.0 Experience with scripting languages such as Python or PowerShell is recommended. 5+ years of experience supporting complementary Wintel environments (On-Premises and Cloud) including core MS Infrastructure (AD, AAD, DNS, Group Policy). Experience in infrastructure-as-code tools such as CloudFormation, Terraform, or AWS CDK. Bachelorâ€™s degree in Computer Science or related field. Roles and Responsibilities Design and manage hybrid cloud environments, integrating on-prem and cloud solutions, Deploy, configure, and manage enterprise storage solutions (NAS, SAN) ensuring data security and redundancy Develop and manage CI/CD pipelines using tools for automated code deployment and infrastructure updates Participating in disaster recovery planning and testing on a regular basis. Participating in capacity planning and forecasting for cloud resources. Continuously monitor and optimize the performance and security of the cloud environment. Deploy, configure, and maintain enterprise storage solutions such as NAS and SAN, ensuring data security, redundancy, and high availability. Manage identity platforms (Azure Active Directory, Okta, etc.) to ensure secure identity management, access control, and single sign-on (SSO) implementations. Apply security patches, perform hardware and software upgrades, and ensure systems are compliant with security and regulatory standards. Providing technical guidance and support to other teams in the organization. Creating and maintaining documentation for cloud infrastructure and procedures. Optimize cloud resources for performance, security, and cost-efficiency Support and test cloud technologies and industry trends. Investigate and resolve server, storage, and network performance issues and optimize system performance.","2025-05-28",""
"GCP / PM2 / Cloud Run Expert Needed for Video Conversion & Auto-Scaling Fixes","$900K+
spent","Hourly: $25.00 - $47.00 Expert Est. time: 1 to 3 months, 30+ hrs/week","Yes","Node.js, FFmpeg, Containerization","Yes","gcp","https://www.upwork.com/jobs/span-class-highlight-GCP-span-PM2-Cloud-Run-Expert-Needed-for-Video-Conversion-amp-Auto-Scaling-Fixes_~021915066215233484061/?referrer_url_path=/nx/search/jobs/","Description: We're looking for an experienced backend engineer or DevOps expert to help us troubleshoot and resolve a critical issue in our production environment. Project Overview: Our portal allows users to upload video files (specifically .MOV format), which are then converted to .MP4 via backend processes. The system is deployed using Google Cloud Platform (GCP) services including Cloud Run, and managed using PM2 for process management. The problem arises when users upload large .MOV files (300MB+), and multiple files get queued. The backend process responsible for the video conversion crashesâ€”specifically, the PM2 namespace crashes and fails to automatically recover. We're currently restarting the process manually via sudo pm2 start 8, which is not scalable or sustainable. We need someone to: * Investigate and resolve why PM2 crashes under load * Optimize the video conversion process for better memory and CPU management * Implement auto-restart or recovery mechanisms for the PM2 process * Suggest and implement improvements in how our containers scale under heavy loads * Ensure overall system reliability and uptime * Tech Stack / Tools Involved: * Google Cloud Platform (GCP) * Cloud Run * Cloud Storage * PM2 (Process Manager) * FFmpeg (or equivalent for video conversion) * Node.js (Backend service, assuming from PM2 usage) * Docker / Containerization * Linux / Shell scripting What We're Looking For: - Proven experience with GCP and containerized environments (Cloud Run especially) - Deep understanding of PM2, process monitoring, and auto-recovery strategies - Strong knowledge of FFmpeg or video processing tools - Experience optimizing performance for file-heavy, CPU-intensive applications - Familiarity with container scaling, memory limits, and process isolation - Ability to work independently and communicate clearly Bonus Points: - Experience with setting up monitoring/logging tools (e.g., Stackdriver, Prometheus, etc.) - Experience handling large media files in production environments Project Urgency: This is a high-priority issue that needs immediate attention. Please only apply if you're available to start right away and have relevant hands-on experience. To Apply: Please briefly describe your experience with the relevant tech stack, any similar problems youâ€™ve solved, and your availability for the next few days.","2025-05-28",""
"Senior DevOps/Cloud Engineer to Set Up Staging Environment on GCP","$900K+
spent","Fixed price Expert Est. budget: $2,000.00","Yes","Google Cloud Platform, DevOps, CI/CD, Deployment Automation, CI/CD Platform","Yes","gcp","https://www.upwork.com/jobs/Senior-DevOps-Cloud-Engineer-Set-Staging-Environment-span-class-highlight-GCP-span_~021919021662441678904/?referrer_url_path=/nx/search/jobs/","We are looking for an experienced DevOps Engineer / Cloud Specialist to help us set up a dedicated staging environment on Google Cloud Platform (GCP). Our current live application uses MySQL, Airtable, React.js, and Node.js, but we lack a proper staging environment for testing before production releases. You will be responsible for: âœ… Creating an isolated staging environment in GCP (separate from production) âœ… Configuring MySQL (Cloud SQL) for staging with proper data synchronization/masking âœ… Setting up Airtable staging base with schema sync âœ… Deploying Node.js backend and React.js frontend with staging-specific configurations âœ… Implementing CI/CD pipelines (GitHub Actions/GitLab CI/Jenkins) for automated staging deployments âœ… Configuring networking, DNS, SSL, and access controls for staging âœ… Integrating monitoring & logging (Stackdriver, Prometheus, Sentry, etc.) âœ… Documenting the setup and training the team on staging workflows Required Skills & Experience: âœ” Proven experience setting up staging/production environments (GCP preferred, AWS/Azure acceptable) âœ” Strong knowledge of GCP services (Compute Engine, Cloud SQL, IAM, Networking) âœ” Experience with MySQL database management, replication, and data masking âœ” Familiarity with Airtable API & automation (or ability to set up a staging base) âœ” Expertise in Node.js & React.js deployment strategies âœ” CI/CD pipelines (GitHub Actions, GitLab CI, Jenkins, or similar) âœ” Infrastructure as Code (Terraform/Pulumi) â€“ Nice to have âœ” Knowledge of security best practices (SSL, access controls, PII masking) âœ” Strong documentation & communication skills In your proposal please share the timeline in which you can achive this.","2025-05-28",""
"Lead DevOps Engineer","$700K+
spent","Hourly: $35.00 - $40.00 Expert Est. time: More than 6 months, Hours to be determined","Yes","DevOps, CI/CD","Yes","gcp","https://www.upwork.com/jobs/Lead-DevOps-Engineer_~021923404009924270060/?referrer_url_path=/nx/search/jobs/","Role Overview Weâ€™re hiring a Lead DevOps Engineer to drive the architecture and operational excellence of our GCP-native infrastructure. This role leads a team of 4 engineers and is critical to scaling our systems with high reliability, security, and observability. You'll own the CI/CD lifecycle, manage Kubernetes at scale, and champion observability through Open Telemetry and tools like Grafana, Datadog, and Sentry. We're looking for someone hands-on, collaborative, and passionate about automation, GitOps, and building high-performing infrastructure in a modern SaaS environment. Key Responsibilities Team Leadership & Technical Direction: Lead a team of 4 DevOps engineers, setting priorities, mentoring team members, and defining best practices for cloud-native infrastructure and operations. CI/CD & GitOps Workflows: Build and maintain robust GitLab CI/CD pipelines with ArgoCD, applying GitOps practices to streamline and secure deployments. Kubernetes Management: Administer and evolve our GKE clusters to support a growing set of microservices with a focus on security, cost-efficiency, and high availability. Infrastructure as Code: Use Terraform to manage all infrastructure components in GCP, ensuring consistency and scalability through Infrastructure as Code. Observability & Monitoring: Drive a comprehensive observability strategy using OpenTelemetry for distributed tracing, along with Grafana, Datadog, and Sentry for metrics, dashboards, and alerting. Database Reliability: Oversee the performance, uptime, and cost of our PostgreSQL, Elasticsearch, and ClickHouse databases, ensuring proper indexing and query performance. Disaster Recovery & Resilience: Define and implement disaster recovery strategies across GCP and Kubernetes, including backup, failover, and incident response processes. Collaboration & Enablement: Work cross-functionally with backend, frontend, and QA teams to enhance deployment processes, improve infrastructure reliability, and reduce developer friction. Incident Management: Act as an escalation point for critical infrastructure issues, lead incident resolution efforts, and drive post-incident reviews to prevent recurrence. Requirements - 5+ years of DevOps or SRE experience, including 2+ years in a leadership capacity. - Expert in Kubernetes (GKE) and GitOps workflows with ArgoCD. - Deep experience in GCP infrastructure and Terraform-based IaC. - Hands-on experience with OpenTelemetry for distributed tracing and system instrumentation. - Strong expertise in Grafana, Datadog, and Sentry. - Operational experience with PostgreSQL, Elasticsearch, and ClickHouse in production environments. - Strong debugging, incident management, and communication skills. - Proven track record of leading DevOps initiatives in fast-paced environments. Nice to Have - Helm, Kustomize, and OPA/Gatekeeper experience. - Cloud cost optimization experience on GCP. - Familiarity with secret management solutions. - Experience with blue-green or canary deployments.","2025-05-28",""
"Full-Stack Development Team for Ongoing Product Development & App Maintenance","$600K+
spent","Hourly: $12.00 - $25.00 Expert Est. time: More than 6 months, 30+ hrs/week","Yes","Golang, Vue.js, Nuxt.js, Python, Web Application, PostgreSQL, NGINX","Yes","gcp","https://www.upwork.com/jobs/Full-Stack-Development-Team-for-Ongoing-Product-Development-App-Maintenance_~021909355687180331228/?referrer_url_path=/nx/search/jobs/","We are seeking a skilled development team to assist with ongoing product development and app maintenance. The ideal team will have expertise in the following technologies: GoLang & gRPC for backend development Python/Django for web application development Google Cloud Platform (GCP) and Kubernetes for scalable deployment and infrastructure Vue/Nuxt for frontend development Key requirements include: Ability to conduct weekly product pushes to ensure continuous improvement 24/7 app monitoring to ensure optimal uptime and performance This is a long-term collaboration aimed at driving product growth while maintaining a robust and high-performing application. If your team has experience with these technologies and can support both development and maintenance efforts, we'd love to hear from you.","2025-05-28",""
"FastAPI Backend & DevOps Engineer","$300K+
spent","Hourly: $15.00 - $100.00 Expert Est. time: More than 6 months, 30+ hrs/week","Yes","Python, CI/CD, Terraform, SQL, Docker, DevOps, AWS Application","Yes","gcp","https://www.upwork.com/jobs/FastAPI-Backend-DevOps-Engineer_~021927664652788088676/?referrer_url_path=/nx/search/jobs/","We are developing an AI-driven platform to deliver personalized health reports and services at scale. As a FastAPI Backend & DevOps Engineer, you will be responsible for designing, building, and operating the core backend services and cloud infrastructure that underpin our solution. This role requires both strong software engineering skills and practical DevOps experience, allowing you to take full ownership from code development through deployment and monitoring. Key Responsibilities Backend Development: Design and implement RESTful APIs using FastAPI for data ingestion, processing, report delivery, and data visualizations. Optimize Python code for high performance, reliability, and maintainability. Manage database interactions, migrations, and versioning for both relational (SQL) and NoSQL (Firestore) data stores CI/CD & Containerization: Develop and maintain GitHub Actions and AWS CodeBuild pipelines to automate unit testing, container builds, and deployments. Build and manage Docker images Cloud Operations: Deploy and operate services in GCP Cloud Run and AWS (including Bedrock-powered ML workloads and batch jobs). Implement cost-optimization strategies, including right-sizing resources and efficient job scheduling. Infrastructure as Code: Implement Terraform for provisioning and managing cloud resources in AWS and GCP. Define reusable modules and enforce best practices for configuration, security, and scalability. Required Qualifications: Professional experience developing production APIs with FastAPI Proficiency in Python async programming, dependency injection, and Pydantic model validation. Hands-on experience building CI/CD workflows in GitHub Actions and/or AWS CodeBuild. Demonstrated expertise with Docker, container orchestration, and deployment to GCP Cloud Run. Solid understanding of AWS services, including IAM, batch processing, and integration of AI/ML workloads. Experience with Terraform to provision and manage cloud infrastructure. Experience working with both SQL databases (e.g., Postgres, MySQL) and NoSQL stores (Firestore). Prior experience deploying machine-learning or generative AI models in production (e.g., AWS Bedrock). Experience implementing security best practices: IAM policy design, secrets management, and automated vulnerability scanning. Knowledge of cost-management techniques in cloud environments","2025-05-28",""
"Backend API Developer (Python / FastAPI / GCP)","$300K+
spent","Hourly: $20.00 - $100.00 Expert Est. time: More than 6 months, 30+ hrs/week","Yes","Docker, REST API, PostgreSQL, DevOps, Unit Testing, CI/CD, FastAPI","Yes","gcp","https://www.upwork.com/jobs/Backend-API-Developer-Python-FastAPI-span-class-highlight-GCP-span_~021918256209378120955/?referrer_url_path=/nx/search/jobs/","Overview: Weâ€™re looking for an experienced backend developer to join our team and help us scale and improve our API. The system powers a Bubble.io frontend and ties into multiple batch jobs on Google Cloud Platform. Youâ€™ll be working primarily in Python (FastAPI) and managing a Postgres database, with plenty of opportunity to contribute to architecture and infrastructure decisions. This is a long-term, ongoing project with the chance to collaborate with a motivated team. What Youâ€™ll Be Working On: Build new API endpoints and improve existing ones using FastAPI Work closely with frontend developers and PMs to deliver reliable, well-documented features Maintain and optimize our PostgreSQL database Contribute to the design and execution of batch jobs and services running on GCP Use GitHub for version control, ClickUp for task management, and Slack for team communication What Weâ€™re Looking For: Strong backend experience with Python + FastAPI Solid understanding of PostgreSQL and relational database design Comfortable working with Docker and GCP Clear, consistent communication and the ability to work well with others in a remote team Ideal to Have: Familiarity with Bubble.io; have previously built an API used by Bubble Experience working with batch job orchestration and/or cloud-native pipelines","2025-05-28",""
"Backend API Developer (Python / FastAPI / GCP)","$300K+
spent","Hourly: $20.00 - $100.00 Expert Est. time: More than 6 months, 30+ hrs/week","Yes","Docker, REST API, PostgreSQL, DevOps, Unit Testing, CI/CD, FastAPI","Yes","gcp","https://www.upwork.com/jobs/Backend-API-Developer-Python-FastAPI-span-class-highlight-GCP-span_~021915050787466120704/?referrer_url_path=/nx/search/jobs/","Overview: Weâ€™re looking for an experienced backend developer to join our team and help us scale and improve our API. The system powers a Bubble.io frontend and ties into multiple batch jobs on Google Cloud Platform. Youâ€™ll be working primarily in Python (FastAPI) and managing a Postgres database, with plenty of opportunity to contribute to architecture and infrastructure decisions. This is a long-term, ongoing project with the chance to collaborate with a motivated team. What Youâ€™ll Be Working On: Build new API endpoints and improve existing ones using FastAPI Work closely with frontend developers and PMs to deliver reliable, well-documented features Maintain and optimize our PostgreSQL database Contribute to the design and execution of batch jobs and services running on GCP Use GitHub for version control, ClickUp for task management, and Slack for team communication What Weâ€™re Looking For: Strong backend experience with Python + FastAPI Solid understanding of PostgreSQL and relational database design Comfortable working with Docker and GCP Clear, consistent communication and the ability to work well with others in a remote team Ideal to Have: Familiarity with Bubble.io; have previously built an API used by Bubble Experience working with batch job orchestration and/or cloud-native pipelines","2025-05-28",""
"Senior Backend API Developer (Python / FastAPI / GCP)","$300K+
spent","Hourly: $20.00 - $100.00 Expert Est. time: More than 6 months, 30+ hrs/week","Yes","Docker, REST API, PostgreSQL, DevOps, Unit Testing, CI/CD, FastAPI","Yes","gcp","https://www.upwork.com/jobs/Senior-Backend-API-Developer-Python-FastAPI-span-class-highlight-GCP-span_~021927491618114750567/?referrer_url_path=/nx/search/jobs/","***We are seeking independent freelancers only. No agencies or third-party representatives, please. Summary: Weâ€™re looking for a senior backend developer to join our team and help us scale and improve our API. The system powers a Bubble.io frontend and ties into multiple batch jobs on Google Cloud Platform. Youâ€™ll be working primarily in Python (FastAPI) and managing a Postgres database, with plenty of opportunity to contribute to architecture and infrastructure decisions. This is a long-term, ongoing project with the chance to collaborate with a motivated team. What Youâ€™ll Be Working On: Build new API endpoints and improve existing ones using FastAPI Work closely with frontend developers and PMs to deliver reliable, well-documented features Maintain and optimize our PostgreSQL database Contribute to the design and execution of batch jobs and services running on GCP Use GitHub for version control, ClickUp for task management, and Slack for team communication What Weâ€™re Looking For: Strong backend experience with Python + FastAPI Solid understanding of PostgreSQL and relational database design Comfortable working with Docker and GCP Clear, consistent communication and the ability to work well with others in a remote team Ideal to Have: Familiarity with Bubble.io; have previously built an API used by Bubble Experience working with batch job orchestration and/or cloud-native pipelines","2025-05-28",""
"WordPress Migration To Google Cloud","$300K+
spent","Hourly: $25.00 - $50.00 Expert Est. time: 1 to 3 months, Less than 30 hrs/week","Yes","Google Cloud Platform, WordPress, Web Development, MySQL, PHP","No","gcp","https://www.upwork.com/jobs/WordPress-Migration-Google-Cloud_~021923042473965260222/?referrer_url_path=/nx/search/jobs/","I need an experienced Developer for a WordPress migration to Google Cloud Hosting. I tried it myself, but it seems difficult. What I have already done so far: Choose the right VM Installed WordPress on the VM instance I have access to WP Files via Filezilla by using the SSH codes The Problem is that the migration doesn't work, plugins like Migrate Guru are not working, and the upload of files is restricted to 80mb. I can not change it somehow because access is denied to the WP files. What I need: Running WP Site on Google Cloud Hosting with Google CDN A Gateway For Easy Access To All WP Files Easy handling Tutorial for all changed settings Regards","2025-05-28",""
"GPT Developer for AI Features in Creative SaaS Platform","$5M+
spent","Hourly: $30.00 - $75.00 Expert Est. time: More than 6 months, 30+ hrs/week","Yes","Artificial Intelligence, Machine Learning, API","No","generative ai","https://www.upwork.com/jobs/GPT-Developer-for-span-class-highlight-span-Features-Creative-SaaS-Platform_~021925674154318151492/?referrer_url_path=/nx/search/jobs/","Job Description Weâ€™re looking for a senior-level GPT developer to join our team and build deeply integrated AI features into an established SaaS platform used by real customers every day. This is not a prototype or a standalone chatbot project. Itâ€™s part of a larger, production-grade platform with existing users, workflows, and engineering infrastructure. Youâ€™ll be working with an experienced team of backend (Laravel), frontend (Vue 3), and product professionals to define and deliver AI features that directly improve how our users create and interact with content. Initial Project: AI-Powered Input Workflow The first feature youâ€™ll own is a GPT-driven user input experience. This will replace a static form and guide users through a dynamic, conversational flow that results in structured, validated outputs ready for downstream use. Responsibilities include: Architecting a clean, modular integration with OpenAIâ€™s GPT-4o or GPT-5 Injecting dynamic context from user history, org data, and content metadata Designing multi-turn GPT flows that feel natural and purposeful Ensuring all GPT outputs are formatted, validated, and production-ready Collaborating with product and UI/UX to align with core user needs Ongoing Scope If the initial project is a fit, you'll continue helping build and improve: GPT-powered content generation, captioning, and scripting features AI-based onboarding and in-product coaching workflows Smart editing and summarization features using video transcripts Internal GPT tools for QA, workflow automation, and operational support Additional conversational UX surfaces integrated into the platform Requirements Must have: Proven experience building GPT or LLM-based features in production Expertise with OpenAI APIs (GPT-4, GPT-4o, or GPT-5) Strong prompt design and output structuring (JSON, tokens, function calling, etc.) Ability to inject multi-source context (user data, metadata, transcripts) Experience building for reliability: token limits, retries, fallbacks, streaming Comfortable working with product teams and integrating into real workflows Nice to have: Familiarity with Vue 3 or Laravel (you wonâ€™t own this, but context helps) Experience with transcript analysis, NLP, or media workflows Knowledge of RAG-style context systems or LangChain-style architectures About This Role This is a strategic hire. We're not looking for basic chatbot experience or early experimentation. We need someone who has already worked with GPT in complex, real-world environments and understands the nuance of building systems users actually rely on. You will be working directly with decision-makers. Your work will ship quickly and be used by professionals across a growing platform. The ability to think clearly, solve problems independently, and collaborate thoughtfully is essential.","2025-05-28",""
"TypeScript Software Engineer with LLM & AWS Expertise Needed","$4M+
spent","Hourly: $55.00 - $65.00 Expert Est. time: More than 6 months, 30+ hrs/week","Yes","Artificial Intelligence, Python, Machine Learning, Amazon Web Services","No","generative ai","https://www.upwork.com/jobs/TypeScript-Software-Engineer-with-LLM-AWS-Expertise-Needed_~021901667430194153563/?referrer_url_path=/nx/search/jobs/","We are seeking an experienced Platform Engineer with a strong background in TypeScript to join our AI Coach Platform team. The ideal candidate will be proficient in TypeScript, experienced with modern AI technologies such as large language models (LLMs) and embedding models, deeply familiar with the NestJS framework, and knowledgeable about AWS cloud services. You will be responsible for designing scalable AI solutions, working with cutting-edge AI technologies, deploying and maintaining platform services, and leveraging AWS features for efficient data processing and storage. If you are passionate about AI and want to help iFIT change our members' lives, we encourage you to reach out! ### ROLE COMMITMENTS - Build and maintain scalable platform services and infrastructure - Collaborate effectively across teams to ensure seamless integration of platform and AI components - Drive technical excellence in engineering practices focused on TypeScript and platform development - Contribute to our engineering culture of ownership and innovation ### ESSENTIAL DUTIES AND RESPONSIBILITIES - Design, develop, and deploy robust platform solutions using TypeScript - Write clean, tested code in TypeScript, following engineering best practices - Contribute to initiatives to enhance platform scalability, reliability, and performance using modern cloud infrastructure (AWS) and Infrastructure as Code (Terraform) - Contribute to platform tooling and infrastructure to support seamless integration of ML capabilities - Participate in code reviews and technical design discussions with a focus on platform enhancement - Monitor and maintain platform services in production, ensuring high availability and performance - Document technical decisions and system architectures related to platform engineering","2025-05-28",""
"Sagemaker Expert Needed for Training Foundational Models","$4M
spent","Hourly: $50.00 - $150.00 Expert Est. time: 1 to 3 months, Less than 30 hrs/week","Yes","Machine Learning, Python, TensorFlow, Deep Learning, Keras","No","generative ai","https://www.upwork.com/jobs/Sagemaker-Expert-Needed-for-Training-Foundational-Models_~021918669277525505474/?referrer_url_path=/nx/search/jobs/","Here at nOps we help customers to optimize their spend, we are looking we are seeking a Sagemaker expert to assist in training foundational models to accurately predict infrastructure cost. The ideal candidate will have hands-on experience with AWS Sagemaker, including setting up environments, optimizing model training, and deploying solutions. You will be responsible for developing and fine-tuning algorithms to achieve desired outcomes.","2025-05-28",""
"Sagemaker Expert Needed for Training Foundational Models","$4M
spent","Hourly: $50.00 - $100.00 Expert Est. time: 1 to 3 months, 30+ hrs/week","Yes","Machine Learning, Python, TensorFlow, Deep Learning, Keras","No","generative ai","https://www.upwork.com/jobs/Sagemaker-Expert-Needed-for-Training-Foundational-Models_~021925174263738069058/?referrer_url_path=/nx/search/jobs/","We are seeking a highly skilled Sagemaker expert to assist in training foundational models for our machine learning projects. The ideal candidate will have extensive experience with AWS Sagemaker, model optimization, and deployment strategies. You will be responsible for guiding our team through the setup and execution of training workflows, ensuring efficient use of resources, and fine-tuning models for performance. If you are passionate about machine learning and have a proven track record, we want to hear from you!","2025-05-28",""
"AI Solution Architect","Not listed","Hourly: $45.00 - $60.00 Expert Est. time: 3 to 6 months, Hours to be determined","Yes","Artificial Intelligence, Activity Diagram, Computer Vision, TypeScript","No","generative ai","https://www.upwork.com/jobs/span-class-highlight-span-Solution-Architect_~021920139037106682284/?referrer_url_path=/nx/search/jobs/","Weâ€™re looking for someone who thrives at the intersection of people, process, and technology. As an AI Solution Specialist, youâ€™ll help drive software projects by ensuring that client goals, technical implementation, and AI-supported workflows come together smoothly. Your role focuses on translating complex inputs into structured action, keeping everyone on the same page, and guiding AI-assisted delivery in a way thatâ€™s both efficient and human-centric. While not writing code, youâ€™ll be the one who keeps the bigger picture aligned. Whether youâ€™re aligning with developers, supporting decision-making, or keeping freelancers moving in the right direction. 20-32h + per week What you bring A confident, structured way of working â€“ you create clarity where others see complexity Familiarity with how modern software systems are built (JavaScript, Node.js, Python â€“ you understand the architecture, even if you donâ€™t write the code) A sharp eye for spotting gaps, asking the right questions, and connecting dots across roles and disciplines Experience using AI-enhanced tools like Cursor or Windsurf â€“ or a clear interest in leveraging them Strong communication skills, especially in client-facing situations Comfort working across disciplines and leading through coordination, not hierarchy Excellent written and spoken German (C1+) Availability during core German business hours (Â±2h CET) Your role @elunic Act as a central point of coordination between developers, freelancers, and stakeholders Help define what needs to be done, by whom, and why â€“ turning vague goals into actionable work Support teams in using AI tooling to speed up architecture, documentation, and decisions Keep communication flowing across product, tech, and client interfaces Facilitate productive collaboration by creating structure and eliminating friction Ensure that the technical side of the project stays aligned with real-world needs and constraints","2025-05-28",""
"AI Video Creator â€“ End-to-End AI Video Generation Expert","$3M+
spent","Hourly Expert Est. time: More than 6 months, Hours to be determined","Yes","Artificial Intelligence, Adobe Illustrator, Video Post-Editing","No","generative ai","https://www.upwork.com/jobs/span-class-highlight-span-Video-Creator-End-End-span-class-highlight-span-Video-Generation-Expert_~021924824034502437646/?referrer_url_path=/nx/search/jobs/","We are looking for a highly creative and technically skilled AI video creator who can independently handle full-cycle AI video production. You should be capable of generating everything through AI â€“ including visuals, characters, voiceovers, scripts, and editing â€“ without requiring raw footage. Scope of Work â€¢ Create high-quality videos using AI tools from concept to final render â€¢ Generate visual content (realistic, stylized, or animated) â€¢ Use AI for scriptwriting and voiceovers (multilingual a plus) â€¢ Handle video editing, effects, transitions, subtitles â€¢ Output videos optimized for platforms like Instagram, TikTok, Amazon, and YouTube Preferred Skills â€¢ Experience with AI video generation tools such a â€¢ Runway ML (video editing, motion tracking, Gen-2 video-to-video) â€¢ Pika Labs (AI video generation from prompts) â€¢ Synthesia or D-ID (AI avatars and voiceover) â€¢ ElevenLabs (AI voice synthesis) â€¢ Kaiber or Genmo (prompt-to-video) â€¢ HeyGen (AI avatars for marketing videos) â€¢ Midjourney / Stable Diffusion (for generating visuals or storyboards) â€¢ Descript or Adobe Premiere Pro + Firefly AI (editing and transcription) What You Bring â€¢ A portfolio of past AI-generated videos (required) â€¢ Ability to transform written ideas or rough concepts into compelling AI videos â€¢ Proficiency in scripting and storytelling for short-form and long-form formats â€¢ Familiarity with the latest AI content creation tools and trends Bonus â€¢ Experience creating product videos, tech accessories, or lifestyle content â€¢ Ability to generate content that fits Apple-style clean aesthetics â€¢ Knowledge of TikTok/Instagram trends and video algorithms Please include: 1. Your portfolio (AI videos only) 2. Which AI tools you use and for what purpose 3. Your typical turnaround time","2025-05-28",""
"AI Layer for Next.JS website","$2M+
spent","Hourly Expert Est. time: 1 to 3 months, Less than 30 hrs/week","Yes","AI App Development, AI Model Integration, AI Development, Next.js","No","generative ai","https://www.upwork.com/jobs/span-class-highlight-span-Layer-for-Next-website_~021920576695611695455/?referrer_url_path=/nx/search/jobs/","Seeking a senior full-stack machine-learning engineer to integrate AI functionalities into our web application, enhancing user experience and personalization. Requirements - Complete AI enablement on the web app. - Wire analytics and add pgvector to Supabase. - Develop a rule-based vector recommender for 'next lesson'. - Design a prompt-driven LLM for personalized 'Flyyt Path'- pdf generation - Deploy lightweight lead-matching scorer with latency 150 ms. - AI cost â‰¤ $0.10 per active user. - Keep all data inside Postgres with RLS and 'no-train' vendor flags. - Proficiency in Next.js 14/TypeScript and Python ML. - Understand Postgres indexing, embeddings, and experimentation similar to LaunchDarkly. - Able to manage DevOps on Fly.io, including GitHub Actions, MLflow, Redis, and secret rotation.","2025-05-28",""
"Sr. AI Engineer - Chainlit, LangChain, Literal.ai Integration and Optimization","$2M+
spent","Hourly: $25.00 - $50.00 Expert Est. time: 1 to 3 months, Less than 30 hrs/week","Yes","Artificial Intelligence, Integration Testing, Application Integration","No","generative ai","https://www.upwork.com/jobs/span-class-highlight-span-Engineer-Chainlit-LangChain-Literal-span-class-highlight-span-Integration-and-Optimization_~021916599476653622530/?referrer_url_path=/nx/search/jobs/","Excellent â€” thanks for the detailed answers! Hereâ€™s a clear, professional Upwork job description draft based on everything you shared: â¸» Job Title: AI Engineer - Chainlit, LangChain, Literal.ai Integration and Optimization (Customer 360 Chat App) Job Description: We are seeking a skilled AI Engineer to help finalize the integration of Literal.ai into our Chainlit + LangChain chat application, which powers a Customer 360 data layer (via Tilores GraphQL). Our project is live on Render.com but can be moved elsewhere as needed. The primary focus is on properly completing the Literal.ai setup and optimizing the application for prompt engineering, observability, evaluations, and multi-LLM testing. â¸» Project Scope: âœ… Complete and validate full integration of Literal.ai features: â€¢ Prompt Playground dynamic editing with multiple LLMs â€¢ Live Observability (prompt and response tracing, error monitoring) â€¢ Evaluation tools for prompt success rates â€¢ Data integrations (Tilores GraphQL access from within Literal Playground) âœ… Optimize AI performance: â€¢ Improve prompt quality and consistency â€¢ Reduce LLM response times where possible â€¢ Set up robust error handling across Chainlit and LangChain âœ… Strengthen Chainlit Application: â€¢ Review and enhance Chainlitâ€™s memory or stateless strategy â€¢ Improve structured tool output and conversational flow â€¢ Ensure easy future deployability (Render.com or elsewhere) â¸» Tech Stack: â€¢ Chainlit (Python, React front-end for LLM apps) â€¢ LangChain (agents, tools, memory) â€¢ Literal.ai (prompt observability and playground) â€¢ Tilores.io (GraphQL Customer 360 data layer) â€¢ OpenAI (and other LLM providers) â€¢ Render.com (current deployment - flexible) â¸» Ideal Candidate: â€¢ Deep experience with Chainlit and LangChain. â€¢ Hands-on experience integrating Literal.ai observability and evaluations. â€¢ Strong LLM prompt engineering fundamentals. â€¢ Experience working with GraphQL APIs. â€¢ Comfortable improving both backend logic (LangChain agents/tools) and frontend user experience (Chainlit app behavior). â€¢ Familiarity with multi-cloud or Render.com deployments is a plus but not required. â¸» Engagement Details: â€¢ Hourly project engagement. â€¢ Target timeline: Completion within 2 weeks. â€¢ Will work closely with our internal team (CTO-led project). â€¢ Flexible working hours â€” US Eastern Time zone preferred but not required. â¸» Screening Questions (Optional but Recommended for Applicants): (You can ask these on Upwork to filter applicants better.) 1. Have you integrated Literal.ai into a Chainlit or LangChain application before? Please describe. 2. How do you typically structure a Chainlit project for multi-LLM dynamic switching? 3. What tools or strategies would you use to evaluate prompt success and suggest improvements? 4. Are you comfortable connecting external GraphQL APIs into a Chainlit + Literal setup? â¸» How to Apply: Please send: â€¢ A short message summarizing your experience with Chainlit, LangChain, and Literal.ai. â€¢ Links to any similar projects youâ€™ve worked on (GitHub, deployed apps, etc.). â€¢ Your availability to start.","2025-05-28",""
"Large Language Model (LLM) Platform Engineer","Not listed","Hourly Expert Est. time: More than 6 months, 30+ hrs/week","Yes","AI Development, Deep Learning","No","generative ai","https://www.upwork.com/jobs/Large-Language-Model-LLM-Platform-Engineer_~021918001070433232100/?referrer_url_path=/nx/search/jobs/","We are seeking an experienced LLM Platform Engineer to architect, deploy, and maintain scalable Large Language Model (LLM) infrastructure. This mission-critical role involves provisioning enterprise-grade GPU cloud environments, optimizing quantized model inference, and integrating multilingual compliance functionality through robust, production-ready APIs. Key Responsibilities: â€¢ Design and deploy low-latency, high-throughput LLM inference platforms on GPU-enabled cloud environments (e.g., Oracle Cloud, Azure, AWS with A100s or equivalent). â€¢ Implement and optimize quantized LLMs (LLaMA 3/4 8B or 13B or Aya 101) for scalable inference, balancing performance with precision. â€¢ LoRA adapters architecture and design â€¢ Develop and maintain robust, secure APIs to expose model capabilities to internal systems. â€¢ Integrate multilingual compliance workflows, red teaming pipelines, and model logging/observability. â€¢ Manage infrastructure orchestration using tools like Kubernetes, Docker, Terraform, or similar. â€¢ Monitor and fine-tune GPU workloads, inference determinism, and memory optimization. â€¢ Plan for future enhancements including fine-tuning, retrieval-augmented generation (RAG), and model chaining. Required Qualifications: â€¢ 5+ years of experience in software engineering or ML infrastructure, with a focus on AI/ML model deployment. â€¢ Deep understanding of large language models, including quantization (INT4, GPTQ, AWQ, etc.). â€¢ Experience with LLM inference frameworks (e.g., vLLM, TGI, TensorRT-LLM, Hugging Face Transformers) â€¢ Proficient with GPU-based compute environments and orchestration tools (e.g., Kubernetes, Slurm). â€¢ Proven success deploying AI models in production cloud environments (OCI, Azure, AWS). â€¢ Strong documentation and communication skills for interfacing with government clients. â€¢ Working knowledge of multilingual NLP, OCR integration, or compliance automation use cases. â€¢ Experience in model evaluation, bias detection, and safe model deployment strategies.","2025-05-28",""
"Full-Stack AI Application Engineer (LLM Integration + Prompt Engineering)","$1M+
spent","Hourly Expert Est. time: 3 to 6 months, Hours to be determined","Yes","AI App Development, AI Model Integration, OpenAI API, React","No","generative ai","https://www.upwork.com/jobs/Full-Stack-span-class-highlight-span-Application-Engineer-LLM-Integration-Prompt-Engineering_~021920197494229033380/?referrer_url_path=/nx/search/jobs/","Important! Please donâ€™t use AI to write your proposal, or to answer screening questions. you'd be surprised how many responses say the exact same thing. If your answers look AI-generated, your application will be disqualified. Project Overview: We're building a web app that allows users (translators) to upload documents like PDFs, Word files, or images, and have them translated using AI (ChatGPT or Gemini) with the original layout preserved â€” including tables, headers, text and legal formatting and other parts of the document. The app should: * Extract and translate content accurately using LLM APIs OpenAI and Gemini) * will explain why we need both for high-accuracy output. * Maintain document structure and formatting in HTML * Provide a live preview of the translated document side-by-side with the original * Allow users to edit translations, submit prompt corrections, and get AI feedback * Support PDF/DOCX export that mirrors the original design * Use a two-pass translation process (1st for accuracy, 2nd for formatting refinement) perhaps use two models. * We may later add features like quality scoring, alternate translation suggestions, and a feedback loop for AI improvement. Note on Design: We don't have final UI/UX designs at this stage. For the MVP, weâ€™ll work with clean, functional templates and basic components to get the core functionality working. Once the app is fully functional, weâ€™ll layer in a more polished, professional design. What Iâ€™m Looking For: * Ideally, someone who can own the full MVP build * Experience working with LLM APIs (OpenAI, Gemini, Claude, etc.) * Strong prompt engineering skills * Frontend experience with React or similar frameworks * Ability to work with HTML/PDF/DOCX rendering tools (like jsPDF, html2pdf) Youâ€™ll own the build from the ground up, shape the productâ€™s core architecture, and work directly with the founder. We move fast, give clear feedback, and respect your time. If youâ€™re someone who takes pride in quality and can move quickly with confidence, letâ€™s talk.","2025-05-28",""
"Project Coordinator and Customer Support Specialist - Sana Agents (CET)","$2M+
spent","Hourly: $18.00 - $24.00 Expert Est. time: More than 6 months, 30+ hrs/week","Yes","Administrative Support, Time Management, Communications, Decision Making","No","agentic ai","https://www.upwork.com/jobs/Project-Coordinator-and-Customer-Support-Specialist-Sana-span-class-highlight-Agents-span-CET_~021914233985513527942/?referrer_url_path=/nx/search/jobs/","Project Coordinator and Customer Support Specialist (Sana AI) Who is Sana Labs At Sana Labs, we are the global leaders in applying AI to revolutionize corporate learning. Our innovative platform, Sana, transforms learning experiences from ad-hoc and unengaging to continuous, delightful, and personalized. We proudly serve leading Fortune 500 and 2000 companies, making a tangible impact on their learning and development initiatives. Learn more about Sana AI here. Why we need you We are looking for a project support and coordinator that would play a key role throughout the journey that new customers embark on when they choose Sana. That includes participating in and following up the project kick-off, onboarding the client, and supporting the project until the go-live. It will be your job to ensure that the support experienced by our customers is world-class: proactive, responsive, and effective. You will work with Sana experts that will overlook the project and will help with problem-solving and stakeholder management. You are expected to be the ""spider in the web"", who brings together Sana and all the necessary stakeholders on the customer side. Region-specific roles: 2 Project Coordinators (CET) Key tasks include: * Assist customers in utilizing our learning software * 1:1 meetings, trainings and troubleshooting sessions with customers * Setup a project plan (we have templates) * Prepare and chair project kick-offs (we have templates) * Follow-up on plan proactively, schedule meetings, prepare meeting agendas * Problem solve in case of need * Respond to customer requests via email * Bug reports * Product feedback You need to be very skilled in the following: * Communication, expectation management * Meeting facilitation * Written english You'll also need a flexible and quick mind, to learn quickly how Sana works (partially autonomously) and be able to answer the questions from the customer autonomously (obviously after a proper onboarding). THIS POSITION IS STILL AVAILABLE - PLEASE IGNORE THE HIRE COUNT, WE PAY CANDIDATES TO INTERVIEW WHICH REQUIRES US TO HIRE THEM THROUGH UPWORK How weâ€™ll work together Hopefully, on an ongoing basis! There are plenty of projects to work on (50+), and weâ€™re adding more all the time. If you happen to be in Stockholm, where weâ€™re located, weâ€™d love to say hi! Weâ€™ll start with a single course assignment and go from there. Must-haves * 2+ years project management or support and client-facing experience * Ability to think both critically and creatively * Native-level fluency in English * A growth mindset and a coaching attitude * Willingness to work with a wide variety of subjects * Ability to work to deadlines and iterate on feedback quickly","2025-05-28",""
"Build an AI Agent prototype with n8n","$1M+
spent","Hourly: $40.00 - $80.00 Expert Est. time: Less than 1 month, Less than 30 hrs/week","Yes","OpenAI API, Artificial Intelligence, n8n, Machine Learning","No","agentic ai","https://www.upwork.com/jobs/Build-span-class-highlight-span-span-class-highlight-Agent-span-prototype-with-n8n_~021914946733455651915/?referrer_url_path=/nx/search/jobs/","## **Task Description â€“ AI Agent prototype** ### **Project Goal** The aim is to develop an intelligent AI agent showcase accessible via chatbot and voicebot that can automatically schedule appointments with prospective clients. The agent will be integrated into a DEMO project page from PROPSTER and will send personalized brochures to potential customers. --- ### **Scope of Services** #### ðŸ”§ 1. **Technical Implementation with n8n** - Set up the complete AI agent workflow on the automation platform n8n - Integration of relevant AI components (e.g., OpenAI, VAPI, or similar) - Ensure a stable and scalable environment #### ðŸ’¬ 2. **Communication via Chatbot & Voicebot** - Setup of a chatbot for text-based interaction - Connection of a voicebot for speech-based interaction - Speech recognition and text-to-speech functionalities #### ðŸ“… 3. **Calendar Integration** - Access to a sales employeeâ€™s calendar via Google Calendar or similar - Real-time retrieval of available appointment slots #### ðŸ“† 4. **Automated Appointment Scheduling** - Intelligent selection of a suitable appointment (in-person or online) - Automated sending of calendar invites including meeting link (for online appointments) #### ðŸ“¤ 5. **Sending Personalized Brochures** - Creation and dispatch of individually customized brochures directly after the appointment is scheduled - Dynamic personalization of content based on the conversation or provided data --- ### **Objective** A user-friendly, efficient AI agent that automates the sales process, enhances the customer experience, and saves valuable time for the sales team. --- ## **Prompt Design â€“ AI Agent** ### ðŸ§  **Prompt for Real Estate Sales â€“ Project Korbgasse 15** **Prompt:** You are a virtual real estate advisor, specialized in the new development project *Korbgasse 15* in Vienna. Your main task is to advise potential buyers competently, friendly, and empathetically â€” with the goal of exciting them about the project and arranging a personal or virtual appointment with a broker. You know all the details about the project at [korbgasse15.at](http://korbgasse15.at), including: - Apartment sizes, floor plans, floors, and room layouts - Price lists and financing options - Location advantages (e.g., infrastructure, public transport, local amenities, leisure opportunities) - Construction and handover timelines - Standard features and customization options - Availability and reservation possibilities You answer questions comprehensively, clearly, and customer-oriented. Be sure to gently steer the conversation toward scheduling a meeting with a broker. The goal is to bring as many prospects as possible into a personal consultation â€” either on-site or online. **Your approach:** 1. **Understand:** Ask specific follow-up questions about the living situation, preferred location, household size, budget, etc. 2. **Advise:** Provide personalized information about the suitable apartment within the *Korbgasse 15* project. 3. **Inspire:** Highlight special benefits of the project (e.g., quiet location, high-quality features, commission-free). 4. **Act:** Proactively offer to schedule a consultation â€” by phone, video, or in person, depending on the prospect's preference. Youâ€™re encouraged to follow up kindly if someone hesitates and offer to clarify open questions during the appointment. If you lack information or if legally binding statements are required, refer to the responsible broker. **Note to the AI system:** Speak in a natural, approachable, and professional tone. You are warm, not pushy. Your goal is to build trust and make the path to decision-making as pleasant as possible.","2025-05-28",""
"AI Agent Builder (n8n Expert) for Marketing Workflows","$1M+
spent","Hourly: $15.00 - $50.00 Expert Est. time: 3 to 6 months, 30+ hrs/week","Yes","API Integration, Web Scraping, Data Integration","No","agentic ai","https://www.upwork.com/jobs/span-class-highlight-span-span-class-highlight-Agent-span-Builder-n8n-Expert-for-Marketing-Workflows_~021913306550318291919/?referrer_url_path=/nx/search/jobs/","We're seeking an experienced n8n developer to help us build AI-powered automation agents across our marketing stack. Youâ€™ll work with a variety of native nodes and APIs to create agents that automate reporting, trigger actions across platforms, and enhance campaign intelligence. Key Responsibilities: -Design and build no-code/low-code AI Agents in n8n -Integrate tools like GA4, Meta, Shopify, Klaviyo, Google Ads, etc. -Work with APIs for platforms such as Amazon, SEMrush, and TikTok -Create workflows involving web scraping, scheduled reports, and dynamic triggers -Collaborate with our in-house performance and marketing teams Ideal Candidate: -Proven experience using n8n, including native nodes and custom modules -Comfortable with platforms such as Facebook, Google Sheets, Slack, Harvest, WooCommerce, and Shopify -Familiar with API integration for tools like SEMrush, Amazon SP-API, and Attentive -Bonus: Understanding of digital marketing workflows (attribution, campaign tracking, data syncing) -Strong problem-solving skills and ability to document your workflows To Apply: Include: - A brief summary of your n8n experience - Examples of past workflows or AI agents you've built - Your availability and hourly rate","2025-05-28",""
"Retail Industry Consultant with Business and Tech Exposure","$600K+
spent","Hourly: $20.00 - $80.00 Expert Est. time: 1 to 3 months, Less than 30 hrs/week","Yes","AI Consulting, Retail & Consumer Goods, Strategy, Business Analysis","No","agentic ai","https://www.upwork.com/jobs/Retail-Industry-Consultant-with-Business-and-Tech-Exposure_~021925779005433757508/?referrer_url_path=/nx/search/jobs/","Weâ€™re seeking a Retail Industry Consultant with deep experience in Consumer Packaged Goods (CPG) and multi-format retail to help us refine and expand our Enterprise AI platform offerings. Your role will be to act as a subject matter expert and advisor to our product and strategy teams as we create a suite of AI-powered agentic solutions for retail. Youâ€™ll help identify the highest-value use cases across the retail value chain (store ops, supply chain, finance, merchandising, CX) and support us in benchmarking ROI, operational lift, and AI readiness in real-life retail environments.","2025-05-28",""
"Senior Python Engineer - Agentic AI System","$600K+
spent","Hourly Expert Est. time: More than 6 months, 30+ hrs/week","Yes","Artificial Intelligence, Python, Machine Learning, Amazon Web Services, API","Yes","agentic ai","https://www.upwork.com/jobs/Senior-Python-Engineer-span-class-highlight-Agentic-span-span-class-highlight-span-System_~021921486967144373644/?referrer_url_path=/nx/search/jobs/","About Us Noam Institute is a global leader in education technology, recruitment solutions, and test preparation. Operating in Israel and over 10 countries since 1992, we empower individuals and businesses with innovative, AI-driven tools and personalized services. Position Overview We are seeking a Senior Python Engineer to join our team and contribute to the development of the next-generation Agentic AI System. This innovative platform leverages large language models (LLMs) and advanced architectures to create autonomous agents capable of real-time reasoning, action, and adaptation. Your work will shape scalable, modular, and dynamic systems driving the future of AI-powered interactions. Description and requirements Job Description Design, develop, and optimize Python-based backend systems for scalable AI applications. Implement modular, composable components to support flexible workflows and autonomous agent functionality. Integrate advanced AI frameworks (e.g., LangChain, AutoGen, Haystack) and LLMs to enable intelligent agent-based systems. Develop high-performance asynchronous APIs using FastAPI. Ensure data storage and retrieval with relational/NoSQL databases and in-memory systems. Build robust logging and monitoring mechanisms to support traceable and adaptive systems. Maintain high coding standards with rigorous testing and modular design. Job Requirements: Education Bachelorâ€™s or Masterâ€™s degree in Computer Science, Software Engineering, or related field. Experience 5+ years of Python backend development with scalable and distributed systems. Skills Proficiency in Python frameworks like FastAPI, Flask, or Django. Strong expertise in AWS services (Lambda, S3, DynamoDB, RDS, etc.). Familiarity with AI frameworks (e.g., TensorFlow, PyTorch, Hugging Face, LangChain). Solid understanding of microservices and event-driven architecture. Experience with containerization (Docker) and orchestration (Kubernetes). Proficiency with version control (Git) and CI/CD workflows. Knowledge of relational (PostgreSQL, MySQL) and NoSQL (DynamoDB, OpenSearch) databases. Preferred Qualifications Hands-on experience with large language models and agent-based systems. Familiarity with cognitive architectures, such as state machines and routing. Experience with agile methodologies and test-driven development (TDD). Basic knowledge of frontend frameworks (React, Angular, Vue.js). What We Offer Opportunity to work on transformative AI projects impacting multiple industries. A collaborative and innovative environment. Professional development with exposure to cutting-edge AI technologies. Competitive salary and comprehensive benefits.","2025-05-28",""
"Backend Lead Engineer â€“ AI Agents","$600K+
spent","Hourly Expert Est. time: More than 6 months, 30+ hrs/week","Yes","AI Model Integration, AI Agent Development, Python","No","agentic ai","https://www.upwork.com/jobs/Backend-Lead-Engineer-span-class-highlight-span-span-class-highlight-Agents-span_~021925412855087720289/?referrer_url_path=/nx/search/jobs/","Backend Lead Engineer â€“ AI Agents & Workflow Automation Full-Time | Remote | High-Impact Product Team We're hiring a Backend Lead Engineer to own the architecture and development of a cutting-edge AI-powered agent platform â€” built for automating internal operations, multi-step task workflows, and real-time user interactions. Youâ€™ll lead backend efforts for a platform that orchestrates LLM-powered agents, configurable workflows, knowledge retrieval systems, and seamless tool integrations. You must be capable of owning architecture, shipping clean code, and guiding a team toward scalable, production-ready outcomes. What Youâ€™ll Do Lead backend development of an agent orchestration platform built on LLMs and automation logic Design and build systems for: Multi-agent workflows and agent memory/context passing (Relevance ai, Glean, ServiceNow) Dynamic tool calling and API chaining MCP usage - (Paragon, Composio) Configurable workflow logic similar to no-code tools (e.g. Zapier, Make) Knowledge base ingestion and semantic retrieval (via vector DBs) Architect secure, scalable services with multi-tenancy, RBAC, logging, and modular design Collaborate across frontend, AI, and product teams to deliver an intuitive, intelligent system Establish backend engineering standards, run code reviews, and mentor junior engineers Youâ€™re Not Just Building Agents â€” Youâ€™re Building an Agent Platform We're not just integrating LLMs into backend workflows â€” we're building a modular, user-configurable agent platform. This means: Users define agent goals, tools, memory, and communication Users configure logic between agents (triggers, conditions, fallback behavior) Your backend supports a dynamic system, not hardcoded logic If you've built workflow builders, no-code tools, Zapier-style platforms, or agent control systems â€” we want to talk. Tech Stack We work with: Languages: TypeScript (Node.js), Python Frameworks: FastAPI Databases: PostgreSQL, Prisma/TypeORM, Redis AI/LLM Stack: LangChain, OpenAI APIs, vector databases (Weaviate, Pinecone), Azure AI Services Infrastructure: Docker, REST APIs, webhooks, cloud platforms (Azure or AWS) Security: OAuth2, JWT, audit logging, RBAC Youâ€™ll Succeed Here If You: Youâ€™ve led the design or implementation of scalable backend systems â€” whether on a team or solo â€” and can prove it through code, shipped products, or clear architecture thinking. You've built or contributed to agent orchestration systems, automation workflows, or AI toolchains (LangChain, CrewAI, AutoGen, etc.) Understand modular backend design with user-configurable workflows or automation Know how to implement and scale vector search, embeddings, and RAG pipelines Are strong in prompt design, agent control logic, and fallbacks in production environments Thrive in cross-functional environments and can communicate clearly with AI, product, and design teams Bonus Points For: Experience building no-code or low-code platforms Familiarity with multi-tenant SaaS architectures Background in building automation platforms, CRM/ERP backends, or internal tooling Exposure to compliance-aware systems (HIPAA, SOC 2, etc.) To Apply Send: GitHub, portfolio, or relevant repos A brief intro about what youâ€™ve built Examples of agent workflows or automation platforms you've worked on We're building the next generation of intelligent systems. If you're passionate about LLMs, backend architecture, and automation at scale â€” we want to meet you.","2025-05-28",""
"Prompt Engineer for Text-to-Action AI (Multi-Agent System)","$600K+
spent","Hourly: $30.00 - $59.00 Expert Est. time: 1 to 3 months, Less than 30 hrs/week","Yes","Artificial Intelligence, Prompt Engineering, API, Machine Learning, UX Writing","No","agentic ai","https://www.upwork.com/jobs/Prompt-Engineer-for-Text-Action-span-class-highlight-span-Multi-span-class-highlight-Agent-span-System_~021918237931339229308/?referrer_url_path=/nx/search/jobs/","Weâ€™ve built an AI system that executes full tasks â€” not just responses. ""Bhindi"" lets users type a single prompt like â€œCreate a launch plan and design assetsâ€, and it instantly activates the right agents (e.g. Trello, Google Docs, Unsplash, Twitter, Notion, etc.) to search, generate, post, write, chart, or summarize â€” completely autonomously. ðŸ”— Try the app here: https://bhindi.io/ Weâ€™re now hiring a Prompt Engineer to help us unlock the full power of this system. Your job is to write and refine natural language prompts that trigger coordinated workflows across 40+ integrated agents. Youâ€™ll explore different verticals (marketing, research, crypto, education, automation, productivity, etc.) and create task prompts that are both creative and effective.","2025-05-28",""
"Tester for AI Product (LLM-Focused QA)","$600K+
spent","Hourly: $25.00 - $50.00 Expert Est. time: 3 to 6 months, Less than 30 hrs/week","Yes","Manual Testing, Regression Testing, Usability Testing, Test Case Design","Yes","agentic ai","https://www.upwork.com/jobs/Tester-for-span-class-highlight-span-Product-LLM-Focused_~021925103170453994246/?referrer_url_path=/nx/search/jobs/","We're building an agentic AI that connects with tools like Gmail, Notion, Slack, and DeFi dashboards to help users automate real work using LLMs and agents. We're looking for a QA tester with a strong understanding of LLM behavior to help us test and improve how Bhindi responds, executes workflows, and handles edge cases. What you'll do: - Test LLM outputs across various workflows - Identify hallucinations, bad logic, or unexpected results - Reproduce and clearly document bugs - Help create testing checklists and regression tests - Work closely with our engineering team to ship cleaner builds Ideal candidate: - Experience testing AI tools, chatbots, or agent workflows - Strong attention to detail and logical thinking - Familiarity with LLM quirks (e.g., OpenAI, Claude, etc.) - Able to test across web apps and multiple integrations Bonus: experience with productivity or SaaS tools","2025-05-28",""
"Full Stack Software Developer, PHP, CSS, JS, Agentic LangChain, LangGraph, WordPress - Full Time","$600K+
spent","Hourly: $3.00 - $105.00 Expert Est. time: More than 6 months, 30+ hrs/week","Yes","PHP, LangChain, CSS, JavaScript, Web Development","Yes","agentic ai","https://www.upwork.com/jobs/Full-Stack-Software-Developer-PHP-CSS-span-class-highlight-Agentic-span-LangChain-LangGraph-WordPress-Full-Time_~021925220671810841360/?referrer_url_path=/nx/search/jobs/","We are developing an innovative AI Tools website with various AI SaaS tools launched, and a user dashboard allowing users to utilize different tools. FULL TIME JOB: Starting with a Trial Period NO AGENCIES: We Do Not Review Any Agency Applications We are looking for a skilled full stock developer with very strong frontend design and development experience and skills to assist with the following Responsibilities: - Work on the frontend and backend of our WordPress-based website. - Implement and optimize user-facing features using raw HTML, CSS, and JavaScript. - Ensure the website is responsive, fast, and user-friendly. - Collaborate with our backend developer to integrate features smoothly. - Troubleshoot and debug any issues related to the frontend and backend of the site. - Ensure the design elements are consistent and align with our overall brand. - Create scenarios using automation software such as make.com - Work with Agentic development frameworks including LangChain and LangGraph for building intelligent, multi-step AI workflows. Requirements: - Fluent English speaking and writing - Proven experience in frontend development, especially with WordPress. - Expert in HTML, CSS, and JavaScript. - Expert in responsive design and cross-browser compatibility. - Expert in PHP for the backend. - Expert in UI/UX principles. - Expert in make.com and familiarity with Zapier - Familiarity with design tools like Figma and Photoshop. - Experience with AI-based applications and platforms. - Understanding of WordPress theme and plugin development. - Familiarity with other front-end and backend languages, tools, and software is preferred - Experience with Agentic AI development using LangChain and LangGraph is a plus. Thank you","2025-05-28",""
"Full Stack Software Developer, PHP, CSS, JS, Agentic LangChain, LangGraph, WordPress - Full Time","$600K+
spent","Hourly: $3.00 - $20.00 Expert Est. time: More than 6 months, 30+ hrs/week","Yes","PHP, LangChain, CSS, JavaScript, Web Development","Yes","agentic ai","https://www.upwork.com/jobs/Full-Stack-Software-Developer-PHP-CSS-span-class-highlight-Agentic-span-LangChain-LangGraph-WordPress-Full-Time_~021924748722756487548/?referrer_url_path=/nx/search/jobs/","We are developing an innovative AI Tools website with various AI SaaS tools launched, and a user dashboard allowing users to utilize different tools. FULL TIME JOB: Starting with a Trial Period NO AGENCIES: We Do Not Review Any Agency Applications We are looking for a skilled full stock developer with very strong frontend design and development experience and skills to assist with the following Responsibilities: - Work on the frontend and backend of our WordPress-based website. - Implement and optimize user-facing features using raw HTML, CSS, and JavaScript. - Ensure the website is responsive, fast, and user-friendly. - Collaborate with our backend developer to integrate features smoothly. - Troubleshoot and debug any issues related to the frontend and backend of the site. - Ensure the design elements are consistent and align with our overall brand. - Create scenarios using automation software such as make.com - Work with Agentic development frameworks including LangChain and LangGraph for building intelligent, multi-step AI workflows. Requirements: - Fluent English speaking and writing - Proven experience in frontend development, especially with WordPress. - Expert in HTML, CSS, and JavaScript. - Expert in responsive design and cross-browser compatibility. - Expert in PHP for the backend. - Expert in UI/UX principles. - Expert in make.com and familiarity with Zapier - Familiarity with design tools like Figma and Photoshop. - Experience with AI-based applications and platforms. - Understanding of WordPress theme and plugin development. - Familiarity with other front-end and backend languages, tools, and software is preferred - Experience with Agentic AI development using LangChain and LangGraph is a plus. Thank you","2025-05-28",""
"AI Agent Builder","$400K+
spent","Hourly: $15.00 - $30.00 Expert Est. time: More than 6 months, 30+ hrs/week","Yes","AI Chatbot, Artificial Intelligence, Data Mining, Python","No","agentic ai","https://www.upwork.com/jobs/span-class-highlight-span-span-class-highlight-Agent-span-Builder_~021921320727792770444/?referrer_url_path=/nx/search/jobs/","We are seeking a results-driven AI Automation Specialist with expertise in no-code/low-code platforms, API integrations, and AI agents to help us automate business workflows, integrate apps, and build systems that reduce manual work. Youâ€™ll work alongside leadership and operations teams to identify automation opportunities, design streamlined workflows, and implement effective, scalable solutions. â¸» Key Responsibilities â€¢ Identify automation opportunities across business processes, especially in eCommerce, logistics, CRM, supply chain, and finance. â€¢ Design and implement automations using tools like [Make (Integromat), Zapier, n8n, Airtable, ClickUp, Xero, Shopify, Bill.com, Gmail, Slack, Google Sheets, and others]. â€¢ Leverage AI agents and tools (ChatGPT, Claude, Perplexity, etc.) to build smart assistants and task-specific bots. â€¢ Create API integrations between cloud platforms to sync data, trigger actions, and log activity. â€¢ Build intuitive dashboards and logging systems for visibility into automations. â€¢ Document workflows, standard operating procedures (SOPs), and provide training or handover materials. â€¢ Troubleshoot, debug, and refine automations for performance and reliability. â¸» Preferred Qualifications â€¢ Proven experience in no-code/low-code automation tools (especially Make or Zapier). â€¢ Strong understanding of APIs, webhooks, and cloud system architecture. â€¢ Familiarity with AI-driven tools for productivity (ChatGPT API, LangChain, AutoGPT, etc.). â€¢ Experience integrating eCommerce, CRM, ERP, and finance platforms. â€¢ Ability to manage multiple projects with minimal oversight. â€¢ Excellent written and verbal communication skills. â¸» Bonus Points If You Have â€¢ Experience with Shopify, Amazon Seller Central, ClickUp, Xero, or Klaviyo. â€¢ Experience building internal tools for sales, logistics, or warehouse operations. â€¢ Past work building automated agent workflows using AI copilots or chatbot frameworks. â¸» Project Details â€¢ Workload: Part-time / Project-based with potential for ongoing work â€¢ Location: Remote â€¢ Start Date: Immediate â€¢ Compensation: Based on experience and project scope","2025-05-28",""
"Senior Data Scientist / GenAI Engineer","$400K+
spent","Hourly: $3.00 - $35.00 Expert Est. time: More than 6 months, 30+ hrs/week","Yes","Data Science, LLM Prompt Engineering, Biology, Drug Discovery, Chemistry","Yes","agentic ai","https://www.upwork.com/jobs/Senior-Data-Scientist-Gen-span-class-highlight-span-Engineer_~021927602878832793176/?referrer_url_path=/nx/search/jobs/","# Senior Data Scientist / GenAI Engineer (Agentic & Self-Learning Systems) ## Job Overview We're looking for a visionary Senior Data Scientist / GenAI Engineer to drive innovation in specialized, self-learning, agentic AI systems, transforming the landscape of biology and chemistry research. You'll leverage generative AI and advanced large language models (LLMs) to empower autonomous workflows, dynamic decision-making, and continual learning capabilities in complex scientific environments. ## Key Responsibilities * Architect and deploy cutting-edge, self-learning agentic AI models utilizing generative AI and LLMs. * Develop and enhance autonomous agentic workflows leveraging platforms such as AutoGen to solve complex biological and chemical challenges. * Lead experimental AI research aimed at building intelligent systems that adapt, learn, and self-optimize in real-time. * Collaborate closely with interdisciplinary teams (biology, chemistry, computational sciences) to embed intelligent AI systems seamlessly into scientific workflows. * Implement scalable, robust data pipelines tailored to dynamic, self-learning agent architectures. * Continuously evaluate model performance through rigorous experiments, ensuring adaptive improvements aligned with scientific discovery goals. * Stay at the forefront of agentic AI methodologies, contributing strategic insights to shape our organization's evolving AI landscape. * Mentor and develop talent within an innovative, autonomous, and collaborative research culture. ## Required Skills and Qualifications * 5+ years professional experience developing advanced AI, ML, or data science solutions. * Proven expertise designing and implementing generative AI solutions and large language models. * Hands-on experience with agentic systems, autonomous workflows, and frameworks such as AutoGen. * Proficiency with Python and ML frameworks (PyTorch, TensorFlow, Hugging Face). * Solid grounding in NLP, autonomous agents, and self-learning AI approaches. * Familiarity with modern cloud-based platforms (AWS SageMaker, Azure ML) for scalable AI deployments. * Demonstrated ability to conceptualize and execute innovative AI-driven solutions in complex scientific contexts. * Exceptional communication skills, effectively translating advanced technical concepts across interdisciplinary teams. * PhD or Master's degree in Computer Science, Data Science, AI, Computational Biology/Chemistry, or closely related fields. ## Preferred Qualifications * Expertise in MLOps, ensuring robust, scalable, and continuous deployment of self-learning systems. * Familiarity with ethical considerations and responsible AI practices, especially in sensitive scientific research contexts. * Record of peer-reviewed publications or conference presentations highlighting novel applications of agentic and generative AI. * Experience managing distributed computing environments and handling extensive scientific datasets. * Knowledge of containerization (Docker) and orchestration (Kubernetes) tools in production AI settings. We offer competitive compensation alongside the opportunity to drive pioneering advancements at the intersection of agentic AI, biology, and chemistry. Join us in redefining how specialized, autonomous AI systems accelerate scientific innovation.","2025-05-28",""
"AI Expert Wanted to Integrate Smart AI Agents Into Fast-Growing Marketing SaaS","$300K+
spent","Hourly: $25.00 - $47.00 Expert Est. time: More than 6 months, 30+ hrs/week","Yes","AI Agent Development, AI App Development, AI Model Integration","No","agentic ai","https://www.upwork.com/jobs/span-class-highlight-span-Expert-Wanted-Integrate-Smart-span-class-highlight-span-span-class-highlight-Agents-span-Into-Fast-Growing-Marketing-SaaS_~021922107809875240326/?referrer_url_path=/nx/search/jobs/","Weâ€™re looking for a seasoned AI expert who knows how to move fast and think creatively. Our SaaS helps entrepreneurs easily launch and manage their Facebook ads, and now weâ€™re ready to inject AI into the experience in a meaningful way. Weâ€™re not looking for generic AI fluff. We want real intelligence built into the platform. Looking to have agents that assist, guide, analyze, predict, and improve the user journey and product results. Your role will be to: â€¢ Audit our current SaaS platform (built for running Facebook ads) â€¢ Identify areas where AI/agents can meaningfully improve the user experience or automate tasks â€¢ Propose specific AI agents or workflows (e.g. performance analysis, compliance review, campaign recommendations, ad image/text generation, etc.) â€¢ Collaborate with our dev team to scope and prioritize integrations â€¢ Help implement models, train/test agents, and advise on long-term AI strategy Weâ€™re looking for someone who: â€¢ Has real-world experience integrating AI/ML into SaaS products â€¢ Can recommend and work with existing APIs (OpenAI, Claude, Perplexity, etc.) or models when needed â€¢ Understands how to turn ambiguous goals into structured workflows and clear recommendations â€¢ Communicates clearly and can collaborate with both technical and non-technical team members. Bonus if youâ€™ve worked on ad tech platforms, recommendation engines, or anything in the marketing automation space. To apply: Tell us about one AI use case youâ€™ve built that made a real impact. Then share one idea youâ€™d explore if hired to improve a Facebook ads SaaS product with AI. Looking forward to working with you!","2025-05-28",""
"CTO and Senior LLM Engineer (Building Multi-Agent LangChain Workflows)","$300K+
spent","Hourly: $20.00 - $200.00 Expert Est. time: More than 6 months, 30+ hrs/week","Yes","AI Agent Development, API Integration","No","agentic ai","https://www.upwork.com/jobs/CTO-and-Senior-LLM-Engineer-Building-Multi-span-class-highlight-Agent-span-LangChain-Workflows_~021909318573813481612/?referrer_url_path=/nx/search/jobs/","N1 Healthcare is redefining longevity medicine through advanced diagnostics, medical NLP, and LLM-powered health intelligence. Weâ€™re building a future where every patient receives a personalized, AI-generated health report informed by genomics, lab results, and clinical notesâ€”securely and at scale. Weâ€™re seeking a hands-on Chief Technology Officer and Senior LLM Engineer to lead the companyâ€™s technical vision while actively building key systems, particularly multi-agent LLM workflows using LangChain. If youâ€™re a rare blend of engineering leader and senior LLM engineer, this is your opportunity to lead one of the most ambitious AI healthcare initiatives in the world. To be considered for the role, please create a Loom video walking us through one project in which you personally designed and built a multi-agent system using LangChain. In your video, please cover the following: Number and type of agents used How the agents interacted and passed data Memory persistence strategy (e.g., Chroma, Redis, Pinecone, etc.) Your exact hands-on contributions (versus what your team handled) Tooling and infrastructure used, including vector stores, retrievers, and deployment stack Architectural overview â€“ share diagrams or code snippets that show how you structured agent orchestration and memory Edge cases or bugs â€“ explain the most difficult challenges you faced and how you solved them End users â€“ who used the system, how it was tested, and how you gathered feedback or measured success Responsibilities: Technical Leadership + Strategic Execution Define and execute the companyâ€™s full-stack technology roadmap. Lead engineering teams across AI/NLP, cloud infrastructure, DevOps, and security. Collaborate directly with cross-functional leaders across medicine, operations, genomics, and product. Build a high-performance engineering culture centered on speed, rigor, and ownership. Hands-On AI Engineering Personally architect and build multi-agent LangChain workflows that parse, route, and synthesize medical data. Design agent interaction logic, memory persistence strategies, and modular pipelines to support diverse use cases (e.g., lab interpretation, genomic analysis, longitudinal data synthesis). Contribute code regularlyâ€”especially on AI pipeline design, vector store integration, and RAG optimization. Build custom tools and wrappers on top of LangChain agents, toolchains, and document loaders. What Weâ€™re Looking For: 10+ years of engineering experience, including at least 3 years leading technical teams. 3+ years of direct, hands-on experience building systems using LangChain, LLMs (e.g., GPT-4, Claude, LLaMA2), and vector search (Weaviate, Pinecone, etc.). Have personally built at least 2 multi-agent LangChain systemsâ€”not just reviewed code or managed teams. Deep understanding of agent orchestration, memory persistence (e.g., ChromaDB, Redis, or custom), and agent-to-agent communication flows. Proficiency in Python, FastAPI, Hugging Face Transformers, and common MLOps frameworks. Strong grasp of data security and regulatory compliance Track record of delivering scalable, production-ready AI systemsâ€”especially in healthcare or regulated industries. Why N1 Healthcare? Lead the full AI/engineering stack of a high-impact longevity medicine company. Work with a world-class team of medical and AI experts. Build transformative systems that improve health outcomes for real patients. Competitive compensation, equity, and remote flexibility. Own the tech roadmap and shape the future of AI in healthcare.","2025-05-28",""
"ðŸš€ Weâ€™re Hiring: AI Agent Developer (Lindy.ai Specialist) ðŸš€","$300K+
spent","Hourly: $30.00 - $60.00 Expert Est. time: 1 to 3 months, 30+ hrs/week","Yes","AI Agent Development, AI Development, AI Bot, Artificial Intelligence","No","agentic ai","https://www.upwork.com/jobs/Hiring-span-class-highlight-span-span-class-highlight-Agent-span-Developer-Lindy-span-class-highlight-span-Specialist_~021919123043081057730/?referrer_url_path=/nx/search/jobs/","We are seeking a highly skilled AI Agent Developer with proven experience on Lindy.ai to help us build a cutting-edge AI Sales & Recruitment Agent. âœ… What Youâ€™ll Do: Design and deploy an AI agent on Lindy.ai focused on recruitment and lead generation Automate outreach, follow-ups, and candidate engagement Collaborate with our team to fine-tune messaging, workflows, and sales funnels Optimize the agent for performance, conversions, and seamless user experience âœ… Requirements: Hands-on experience with Lindy.ai and building/optimizing AI agents Strong understanding of AI sales, recruitment, and automation strategies Ability to integrate with CRM systems and lead databases Excellent communication and problem-solving skills","2025-05-28",""
"ðŸš€ Backend Data Engineer for Fast-Growing AI Startup (Python, ETL, LangChain) + front end is a plus","$300K+
spent","Hourly: $20.00 - $40.00 Expert Est. time: More than 6 months, 30+ hrs/week","Yes","Python, PostgreSQL, API, SQL, React, Amazon Web Services","No","agentic ai","https://www.upwork.com/jobs/Backend-Data-Engineer-for-Fast-Growing-span-class-highlight-span-Startup-Python-ETL-LangChain-front-end-plus_~021915087339414857886/?referrer_url_path=/nx/search/jobs/","Description: We're an early-stage startup building cutting-edge AI-powered tools for B2B sales and growth. We're looking for a responsible, proactive, and ambitious Data Engineer whoâ€™s hungry for impact and ready to scale with us. You'll be working closely with our founding team to shape core data pipelines, process large datasets, and support the backend of our AI agents using Python and Langchain. You should be excited about startup life, comfortable wearing multiple hats, and able to take full ownership of your tasks. ðŸ›  What We're Looking For: Strong Python skills Solid experience with Pandas for data manipulation Proven ETL pipeline development (bonus if it's built around Pandas workflows) Familiarity with AI/LLM workflows Experience with LangChain or LangGraph for building agentic systems ðŸŒŸ Bonus Points For: Experience with Playwright (for browser automation or scraping) Exposure to React and Node.js (helps if you understand the frontend/backend flow) ðŸ’¼ You Are: Self-motivated and take ownership Organized and reliable with timelines Startup-minded â€“ you move fast, learn fast, and adapt even faster Genuinely curious and love solving hard problems ðŸ§  About Us: We're building something special! Youâ€™ll be joining at an exciting time with lots of room to grow. checkout convrt.ai","2025-05-28",""
"AI Agent Developer for Finding SEO Content Opportunities.","$300K+
spent","Hourly: $30.00 - $60.00 Expert Est. time: 1 to 3 months, Hours to be determined","Yes","AI Agent Development, n8n","No","agentic ai","https://www.upwork.com/jobs/span-class-highlight-span-span-class-highlight-Agent-span-Developer-for-Finding-SEO-Content-Opportunities_~021925522520910561166/?referrer_url_path=/nx/search/jobs/","Weâ€™re seeking a technically proficient and forward-thinking AI Agent Developer to build an internal automation system that identifies bottom-of-funnel SEO content opportunities. The goal is to systematize a currently manual process involving keyword research, content gap analysis, and competitor comparison. Ultimately to surface high-value service or category page ideas for different types of websites (eCommerce, SaaS, service businesses, etc.). This is not your typical chatbot role. This is about building a smart, practical research agent that can simulate how an expert SEO would think, segment, and prioritize BOFU content recommendations. We can provide more info and detailed guidance. As for the technology, we will provide all the necessary APIs. But we want your help picking the best platform for the job. (Example self hosted n8n or some other solution) We are not looking for someone to code the entire thing as it would be complex and take a lot of time. Our first preference is always to use an off the shelf platform to try and achieve our goals. Please apply only if you have extensive AI Agent development experience and past work samples.","2025-05-28",""
"Build Advanced Private Custom GPT + AI Agent (Internal Company Use + Salesforce Integration)","$300K+
spent","Hourly: $30.00 - $120.00 Expert Est. time: More than 6 months, 30+ hrs/week","Yes","AI Agent Development, AI App Development, AI Bot, AI Model Development","No","agentic ai","https://www.upwork.com/jobs/Build-Advanced-Private-Custom-GPT-span-class-highlight-span-span-class-highlight-Agent-span-Internal-Company-Use-Salesforce-Integration_~021918267018246390822/?referrer_url_path=/nx/search/jobs/","We are seeking an expert AI Developer/Engineer who can design and build: â€¢ A private, company-only Custom GPT (internal team use only, secure and integrated). â€¢ An advanced AI agent capable of executing multi-step autonomous tasks and integrating with Salesforce and other internal tools. This is a contract role with immediate start, with strong potential for ongoing work if successful. â¸» Scope of Work Custom GPT â€¢ Build a secure Custom GPT with Workspace-only access or equivalent restricted use. â€¢ Ensure proper enterprise privacy, authentication (SSO or equivalent), and limited user access. â€¢ Integrate into company platforms (Slack, Notion, Salesforce). AI Agent Development â€¢ Architect and build a scalable AI agent using agent frameworks like LangChain, AutoGen, CrewAI, etc. â€¢ Enable complex workflows: multi-step actions, API calls, decision trees. â€¢ Integrate agent directly with company tools and Salesforce. â€¢ Implement logging, monitoring, and optimization for performance. Collaboration â€¢ Work closely with our internal team of AI and operations experts. â€¢ Demonstrate and document all work â€” this is NOT a â€œprompt onlyâ€ project. â€¢ Must show how things are built for review and quality control. â¸» Requirements â€¢ Proven experience building Custom GPTs (ChatGPT, Assistants API or equivalent). â€¢ Proven experience building AI Agents with LangChain, CrewAI, AutoGen, or equivalent frameworks. â€¢ Strong backend development skills (Python preferred). â€¢ API development and integration experience (especially Salesforce and similar CRMs). â€¢ Ability to design secure, enterprise-grade AI solutions (private, authenticated, workspace-only access). Bonus: â€¢ Experience integrating AI agents with tools like Slack, Notion, Zapier, or n8n. â¸» Important Note (Please Read Before Applying) We are only looking for candidates who have hands-on experience actually building Custom GPTs and AI Agents. If you think you can â€œjust use AI to build AIâ€ â€” this project is not for you. We have a team of AI experts and engineers who will collaborate with you. You must be able to show your work, explain how things are built, and be deeply involved in the development process. This is a technical and collaborative role â€” only serious and qualified candidates should apply. â¸» When applying, please include: â€¢ A short introduction and relevant experience with Custom GPTs and AI agents. â€¢ Portfolio or examples of past work (required). â€¢ Proposed project rate and availability. â¸» We are ready to start immediately with the right person. Letâ€™s build something great together.","2025-05-28",""
"AI Workflow Automation Developer / n8n Expert Needed","$300K+
spent","Hourly Expert Est. time: More than 6 months, 30+ hrs/week","Yes","AI Builder, Artificial Intelligence, AI Agent Development, AI Bot, n8n","No","agentic ai","https://www.upwork.com/jobs/span-class-highlight-span-Workflow-Automation-Developer-n8n-Expert-Needed_~021907620634309831048/?referrer_url_path=/nx/search/jobs/","We are seeking a skilled AI Workflow Automation Developer with a proven track record in utilizing n8n to optimize and enhance our business operations. The right candidate will possess a solid foundation in creating, executing, and refining automation workflows that leverage AI technologies. Your role will involve working collaboratively with our team to discover areas for automation and to craft innovative solutions that drive efficiency and boost productivity. If you are enthusiastic about automation and have in-depth knowledge of n8n, we would love to connect with you! We're creating fully automated, agentic businesses capable of operating end-to-end without human oversight. Our current focus involves sophisticated integrations and complete workflow automation leveraging advanced AI and automation technologies. + Connecting and orchestrating APIs seamlessly across various SaaS platforms (HighLevel, Closebot, Airtable, Slack, CRM systems, payment gateways, etc.) + Automating lead generation, sales funnels, customer onboarding, and affiliate tracking processes Technical Requirements: + Proven experience building complex automation systems using n8n or an equivalent tool + Advanced proficiency in JavaScript/Node.js and familiarity with Python for API integrations + Deep understanding of REST APIs, JSON, Webhooks, OAuth, and other integration protocols + Expertise with cloud infrastructure (AWS, Google Cloud, or Azure) + Experience in building scalable, efficient, and maintainable automation frameworks Role Responsibilities: + Architecting, implementing, and maintaining automated workflows for AI-driven businesses + Integrating marketing automation tools, payment processors, CRM, and analytics platforms + Proactively identifying automation bottlenecks and opportunities for further enhancements + Collaborating asynchronously with an agile, technically sophisticated, globally distributed team Why Join Us: + Work at the forefront of AI and automation to develop truly innovative, agentic business models + Long-term engagement with substantial growth potential + Flexible, remote-first culture emphasizing autonomy and results + Competitive compensation and recognition for significant contributions Please tell us about relevant automation projects, specifically highlighting your experience with n8n, and a short summary of your approach to developing fully automated workflows. Find more information about working with us here: https://16x9.ai/ai-team","2025-05-28",""
"UX Designer - User Journey & Product Design Specialist for AI Assistant","$200K+
spent","Hourly: $20.00 - $60.00 Expert Est. time: 1 to 3 months, 30+ hrs/week","Yes","Product Design, Product Research, Tech & IT, User Experience Design","No","agentic ai","https://www.upwork.com/jobs/Designer-User-Journey-amp-Product-Design-Specialist-for-span-class-highlight-span-Assistant_~021918305311191426034/?referrer_url_path=/nx/search/jobs/","We have created a next generation lifelike AI assistant (www.aphra.me). The assistant is designed to be multipurpose, to support our users in their daily life. The product is out in its initial release, with a live mobile app, desktop app and webapp. It is also functional with a focus on achieving assistance in the following key areas: - Time Management - Information Retrieval - Task Automation & Support To achieve these goals, the assistant has a full voice/text chat experience, as well as agentic workflows to help the user. With live connections to email and calendar connection, LLM access, Google access, Weather, Youtube and other information sources. The problem I have is, that I have not designed the user journeys properly, so I feel that our design is not delivering the results that it is able to, and is at risk of becoming too complex. As a result, I am looking for some to come and help build out a more structured framework of user journeys, or JTBD frameworks, so that we can refine our design, to ensure that the users get sufficient value from the product. The output is: - Map out the user journeys, and goals - Provide initial design improvements, based off of those designs, for the mobile & desktop app - Start to build out a user testing framework, which we can then use to conduct some well structured user testing on Maze or other such tools Post this phase, then we will tweak the design again, and continue to iterate, with full product analytics to support us. We have a great product designer already, but I think that I have not done the best job in clearly laying out the user journeys etc. If this sounds like a challenge you are up for, then it is an opportunity to help propel our amazing assistant to great heights. Please reply with some relevant experience.","2025-05-28",""